Business Name,Trade,Phone,GBP Status,Principal/Owner,Website Status,Outreach Hook
Lazaro's Roofing,Roofing & Repairs,(970) 484-9333,4.8 Star (Decades local),Lazaro Family,No Website,Built you a 48-hr mobile mockup with tap-to-call
"Soderberg Masonry, Inc.",Masonry Contracting,(970) 482-3766,Active GBP,Soderberg,No Website (FB only),Sub-second gallery to showcase brick & stone masonry
Rock On Masonry,"Brick, Stone & Fireplaces",(970) 493-6343,4.9 Star BBB,General Masonry Principal,No Website,Turn Google Maps searches into instant quote calls
Choice City Roofing Co,Residential Roofing,(970) 690-3490,Active GBP,Local Trades Principal,No Website,Speed-to-lead auto responder for storm inquiries
Peterich Roofing,Roofing & Restoration,(970) 482-0888,4.7 Star Active GBP,Peterich,No Website,48-Hour free prototype to replace bare GBP profile
Solstice Roofing,Roof Replacements,(970) 481-2292,Active GBP,Local Roofer Principal,No Website,Direct tap-to-dial mobile storefront
"Alba Concrete, LLC",Concrete Driveways & Patios,(970) 310-7422,5.0 Star Active GBP,Alba Family,No Website,Instant quote calculator & mobile project gallery
Dario's Quality Concrete,Concrete Flatwork,(970) 217-0941,Top Community Rated,Dario,No Website,Capture high-dollar driveway replacement jobs
Bernal Concrete,Stamped Concrete & Patios,(970) 412-5819,4.9 Star Local,Bernal,No Website,Stop losing leads to competitors who have websites
D&S Flatwork LLC,Concrete Flatwork & Slabs,(970) 669-1284,Active GBP,D&S Principals,No Website,48-hr interactive preview for Northern CO flatwork
Below Deck Ceiling Solutions,Underdeck Roofing & Decks,(970) 215-6874,Active GBP,Specialty Contractor,No Website,Visual before/after showroom site
CCS Roofing,Commercial & Residential Roofs,(970) 682-9177,Active GBP,Colorado Roofing Principal,No Website,Storm damage capture engine
Highland Landscaping & Excavation,Excavation & Hardscape,(970) 484-8889,Active GBP,Highland Principal,No Website,Commercial equipment showcase & quote engine
Arrowhead Plumbing,Residential Plumbing,(970) 223-2882,4.9 Star Community Top Pick,Arrowhead Founder,No Website,24/7 emergency dispatch tap-to-call button
A to Zen Plumbing,Plumbing & Water Heaters,(970) 412-1200,Active GBP,Licensed Master Plumber,No Website,Emergency water heater replacement landing page
Aspen Plumbing,Plumbing & Drain Cleaning,(970) 484-1800,4.8 Star Responsive,Aspen Family,No Website,Speed-to-lead auto text back for emergency leaks
Capitol Roofing,Roof Inspections & Shingles,(970) 493-4700,Active GBP,Local Principal,No Website,Free roof inspection booking funnel
Above & Beyond Painting & Remodeling,Interior & Exterior Painting,(970) 214-3882,Active GBP,Painting Contractor,No Website,Color visualizer and instant quote request form
Concrete-Visions LLC,Custom Countertops & Slabs,(970) 221-1130,4.2 Star Houzz/GBP,Custom Concrete Principal,No Website,Luxury architectural concrete portfolio site
Bazaldua Productions LLC,Residential Slabs & Patios,(970) 817-1549,Active GBP,Bazaldua,No Website,Stamped patio and driveway mobile showroom
"Elite Roofing Services, LLC",Hail Repair & Shingles,(970) 412-2900,Active GBP,Elite Principal,No Website,Hail claim assistance funnel
Highroad Roofing,Roof Maintenance & Replacement,(970) 482-7663,Active GBP,Highroad Principal,No Website,Mobile-optimized trust storefront
Trust Roofing & Restoration,Storm Damage & Restoration,(970) 443-4808,Active GBP,Restoration Principal,No Website,Insurance claims assistance & 48-hr mockup
JRC Concrete LLC,Concrete Flatwork & Driveways,(970) 442-8219,4.9 Star Local,JRC Principal,No Website,Interactive driveway estimate generator
Dillmann's Custom Concrete,Custom Concrete & Porches,(970) 484-5690,30+ yrs family owned,Dillmann Family,No Website,Honoring 30-year local reputation with modern site
